,squadraa,squadraa_xg,squadraa_xag,squadraa_xgxag,squadraa_npzxg,squadraa_npxgxag,avversarioa_xg,avversarioa_xag,avversarioa_xgxag,avversarioa_npzxg,avversarioa_npxgxag,squadrab,squadrab_xg,squadrab_xag,squadrab_xgxag,squadrab_npzxg,squadrab_npxgxag,avversariob_xg,avversariob_xag,avversariob_xgxag,avversariob_npzxg,avversariob_npxgxag,risultato
0,Milan,1.97,1.1400000000000001,3.1,1.18,2.32,0.76,0.6000000000000001,1.3599999999999999,0.76,1.3599999999999999,Napoli,2.48,1.55,4.04,1.71,3.26,0.53,0.1,0.63,0.14,0.24,2
1,Milan,1.97,1.1400000000000001,3.1,1.18,2.32,0.76,0.6000000000000001,1.3599999999999999,0.76,1.3599999999999999,Inter,1.79,1.5,3.29,1.79,3.29,0.71,0.42,1.1400000000000001,0.71,1.1400000000000001,1
2,Milan,1.97,1.1400000000000001,3.1,1.18,2.32,0.76,0.6000000000000001,1.3599999999999999,0.76,1.3599999999999999,Hellas Verona,0.63,0.32,0.9500000000000001,0.63,0.9500000000000001,1.12,0.61,1.73,1.12,1.73,1
3,Milan,1.97,1.1400000000000001,3.1,1.18,2.32,0.76,0.6000000000000001,1.3599999999999999,0.76,1.3599999999999999,Fiorentina,1.17,0.84,2.0,1.17,2.0,0.23,0.21,0.45,0.23,0.45,1
4,Milan,1.97,1.1400000000000001,3.1,1.18,2.32,0.76,0.6000000000000001,1.3599999999999999,0.76,1.3599999999999999,Juventus,1.32,0.72,2.04,0.9400000000000001,1.67,0.74,0.62,1.3599999999999999,0.74,1.3599999999999999,1
5,Milan,1.97,1.1400000000000001,3.1,1.18,2.32,0.76,0.6000000000000001,1.3599999999999999,0.76,1.3599999999999999,Lecce,0.85,0.73,1.58,0.85,1.58,1.46,1.44,2.9,1.46,2.9,1
6,Milan,1.97,1.1400000000000001,3.1,1.18,2.32,0.76,0.6000000000000001,1.3599999999999999,0.76,1.3599999999999999,Atalanta,1.48,1.06,2.54,1.48,2.54,0.58,0.54,1.12,0.58,1.12,1
7,Milan,1.97,1.1400000000000001,3.1,1.18,2.32,0.76,0.6000000000000001,1.3599999999999999,0.76,1.3599999999999999,Monza,1.38,1.16,2.55,1.38,2.55,1.82,1.52,3.34,1.82,3.34,1
8,Milan,1.97,1.1400000000000001,3.1,1.18,2.32,0.76,0.6000000000000001,1.3599999999999999,0.76,1.3599999999999999,Frosinone,0.81,0.37,1.18,0.41000000000000003,0.78,1.57,1.2,2.77,1.57,2.77,1
9,Milan,1.97,1.1400000000000001,3.1,1.18,2.32,0.76,0.6000000000000001,1.3599999999999999,0.76,1.3599999999999999,Genoa,0.38,0.22,0.6000000000000001,0.38,0.6000000000000001,1.2,0.41000000000000003,1.62,1.2,1.62,1
10,Milan,1.97,1.1400000000000001,3.1,1.18,2.32,0.76,0.6000000000000001,1.3599999999999999,0.76,1.3599999999999999,Salernitana,0.32,0.31,0.63,0.32,0.63,1.34,0.93,2.27,1.34,2.27,1
11,Milan,1.97,1.1400000000000001,3.1,1.18,2.32,0.76,0.6000000000000001,1.3599999999999999,0.76,1.3599999999999999,Roma,1.72,1.05,2.77,1.72,2.77,0.45,0.17,0.62,0.45,0.62,1
12,Milan,1.97,1.1400000000000001,3.1,1.18,2.32,0.76,0.6000000000000001,1.3599999999999999,0.76,1.3599999999999999,Bologna,0.77,0.63,1.4,0.77,1.4,0.86,0.66,1.52,0.86,1.52,1
13,Milan,1.97,1.1400000000000001,3.1,1.18,2.32,0.76,0.6000000000000001,1.3599999999999999,0.76,1.3599999999999999,Cagliari,0.52,0.32,0.84,0.52,0.84,0.9400000000000001,0.64,1.58,0.9400000000000001,1.58,1
14,Milan,1.97,1.1400000000000001,3.1,1.18,2.32,0.76,0.6000000000000001,1.3599999999999999,0.76,1.3599999999999999,Udinese,0.88,0.6900000000000001,1.57,0.88,1.57,1.16,0.75,1.9,0.78,1.53,1
15,Milan,1.97,1.1400000000000001,3.1,1.18,2.32,0.76,0.6000000000000001,1.3599999999999999,0.76,1.3599999999999999,Torino,0.72,0.53,1.25,0.72,1.25,1.71,0.8200000000000001,2.5300000000000002,0.92,1.74,1
16,Milan,1.97,1.1400000000000001,3.1,1.18,2.32,0.76,0.6000000000000001,1.3599999999999999,0.76,1.3599999999999999,Lazio,1.5,1.01,2.51,1.5,2.51,1.0,0.74,1.74,1.0,1.74,1
17,Milan,1.97,1.1400000000000001,3.1,1.18,2.32,0.76,0.6000000000000001,1.3599999999999999,0.76,1.3599999999999999,Empoli,0.8300000000000001,0.53,1.3599999999999999,0.8300000000000001,1.3599999999999999,1.25,1.15,2.4,1.25,2.4,1
18,Milan,1.97,1.1400000000000001,3.1,1.18,2.32,0.76,0.6000000000000001,1.3599999999999999,0.76,1.3599999999999999,Sassuolo,0.31,0.28,0.58,0.31,0.58,2.4,1.4100000000000001,3.81,1.63,3.03,1
19,Napoli,2.48,1.55,4.04,1.71,3.26,0.53,0.1,0.63,0.14,0.24,Milan,1.97,1.1400000000000001,3.1,1.18,2.32,0.76,0.6000000000000001,1.3599999999999999,0.76,1.3599999999999999,1
20,Napoli,2.48,1.55,4.04,1.71,3.26,0.53,0.1,0.63,0.14,0.24,Inter,1.79,1.5,3.29,1.79,3.29,0.71,0.42,1.1400000000000001,0.71,1.1400000000000001,1
21,Napoli,2.48,1.55,4.04,1.71,3.26,0.53,0.1,0.63,0.14,0.24,Hellas Verona,0.63,0.32,0.9500000000000001,0.63,0.9500000000000001,1.12,0.61,1.73,1.12,1.73,1
22,Napoli,2.48,1.55,4.04,1.71,3.26,0.53,0.1,0.63,0.14,0.24,Fiorentina,1.17,0.84,2.0,1.17,2.0,0.23,0.21,0.45,0.23,0.45,1
23,Napoli,2.48,1.55,4.04,1.71,3.26,0.53,0.1,0.63,0.14,0.24,Juventus,1.32,0.72,2.04,0.9400000000000001,1.67,0.74,0.62,1.3599999999999999,0.74,1.3599999999999999,1
24,Napoli,2.48,1.55,4.04,1.71,3.26,0.53,0.1,0.63,0.14,0.24,Lecce,0.85,0.73,1.58,0.85,1.58,1.46,1.44,2.9,1.46,2.9,1
25,Napoli,2.48,1.55,4.04,1.71,3.26,0.53,0.1,0.63,0.14,0.24,Atalanta,1.48,1.06,2.54,1.48,2.54,0.58,0.54,1.12,0.58,1.12,1
26,Napoli,2.48,1.55,4.04,1.71,3.26,0.53,0.1,0.63,0.14,0.24,Monza,1.38,1.16,2.55,1.38,2.55,1.82,1.52,3.34,1.82,3.34,1
27,Napoli,2.48,1.55,4.04,1.71,3.26,0.53,0.1,0.63,0.14,0.24,Frosinone,0.81,0.37,1.18,0.41000000000000003,0.78,1.57,1.2,2.77,1.57,2.77,1
28,Napoli,2.48,1.55,4.04,1.71,3.26,0.53,0.1,0.63,0.14,0.24,Genoa,0.38,0.22,0.6000000000000001,0.38,0.6000000000000001,1.2,0.41000000000000003,1.62,1.2,1.62,1
29,Napoli,2.48,1.55,4.04,1.71,3.26,0.53,0.1,0.63,0.14,0.24,Salernitana,0.32,0.31,0.63,0.32,0.63,1.34,0.93,2.27,1.34,2.27,1
30,Napoli,2.48,1.55,4.04,1.71,3.26,0.53,0.1,0.63,0.14,0.24,Roma,1.72,1.05,2.77,1.72,2.77,0.45,0.17,0.62,0.45,0.62,1
31,Napoli,2.48,1.55,4.04,1.71,3.26,0.53,0.1,0.63,0.14,0.24,Bologna,0.77,0.63,1.4,0.77,1.4,0.86,0.66,1.52,0.86,1.52,1
32,Napoli,2.48,1.55,4.04,1.71,3.26,0.53,0.1,0.63,0.14,0.24,Cagliari,0.52,0.32,0.84,0.52,0.84,0.9400000000000001,0.64,1.58,0.9400000000000001,1.58,1
33,Napoli,2.48,1.55,4.04,1.71,3.26,0.53,0.1,0.63,0.14,0.24,Udinese,0.88,0.6900000000000001,1.57,0.88,1.57,1.16,0.75,1.9,0.78,1.53,1
34,Napoli,2.48,1.55,4.04,1.71,3.26,0.53,0.1,0.63,0.14,0.24,Torino,0.72,0.53,1.25,0.72,1.25,1.71,0.8200000000000001,2.5300000000000002,0.92,1.74,1
35,Napoli,2.48,1.55,4.04,1.71,3.26,0.53,0.1,0.63,0.14,0.24,Lazio,1.5,1.01,2.51,1.5,2.51,1.0,0.74,1.74,1.0,1.74,1
36,Napoli,2.48,1.55,4.04,1.71,3.26,0.53,0.1,0.63,0.14,0.24,Empoli,0.8300000000000001,0.53,1.3599999999999999,0.8300000000000001,1.3599999999999999,1.25,1.15,2.4,1.25,2.4,1
37,Napoli,2.48,1.55,4.04,1.71,3.26,0.53,0.1,0.63,0.14,0.24,Sassuolo,0.31,0.28,0.58,0.31,0.58,2.4,1.4100000000000001,3.81,1.63,3.03,1
38,Inter,1.79,1.5,3.29,1.79,3.29,0.71,0.42,1.1400000000000001,0.71,1.1400000000000001,Milan,1.97,1.1400000000000001,3.1,1.18,2.32,0.76,0.6000000000000001,1.3599999999999999,0.76,1.3599999999999999,1
39,Inter,1.79,1.5,3.29,1.79,3.29,0.71,0.42,1.1400000000000001,0.71,1.1400000000000001,Napoli,2.48,1.55,4.04,1.71,3.26,0.53,0.1,0.63,0.14,0.24,2
40,Inter,1.79,1.5,3.29,1.79,3.29,0.71,0.42,1.1400000000000001,0.71,1.1400000000000001,Hellas Verona,0.63,0.32,0.9500000000000001,0.63,0.9500000000000001,1.12,0.61,1.73,1.12,1.73,1
41,Inter,1.79,1.5,3.29,1.79,3.29,0.71,0.42,1.1400000000000001,0.71,1.1400000000000001,Fiorentina,1.17,0.84,2.0,1.17,2.0,0.23,0.21,0.45,0.23,0.45,1
42,Inter,1.79,1.5,3.29,1.79,3.29,0.71,0.42,1.1400000000000001,0.71,1.1400000000000001,Juventus,1.32,0.72,2.04,0.9400000000000001,1.67,0.74,0.62,1.3599999999999999,0.74,1.3599999999999999,1
43,Inter,1.79,1.5,3.29,1.79,3.29,0.71,0.42,1.1400000000000001,0.71,1.1400000000000001,Lecce,0.85,0.73,1.58,0.85,1.58,1.46,1.44,2.9,1.46,2.9,1
44,Inter,1.79,1.5,3.29,1.79,3.29,0.71,0.42,1.1400000000000001,0.71,1.1400000000000001,Atalanta,1.48,1.06,2.54,1.48,2.54,0.58,0.54,1.12,0.58,1.12,1
45,Inter,1.79,1.5,3.29,1.79,3.29,0.71,0.42,1.1400000000000001,0.71,1.1400000000000001,Monza,1.38,1.16,2.55,1.38,2.55,1.82,1.52,3.34,1.82,3.34,1
46,Inter,1.79,1.5,3.29,1.79,3.29,0.71,0.42,1.1400000000000001,0.71,1.1400000000000001,Frosinone,0.81,0.37,1.18,0.41000000000000003,0.78,1.57,1.2,2.77,1.57,2.77,1
47,Inter,1.79,1.5,3.29,1.79,3.29,0.71,0.42,1.1400000000000001,0.71,1.1400000000000001,Genoa,0.38,0.22,0.6000000000000001,0.38,0.6000000000000001,1.2,0.41000000000000003,1.62,1.2,1.62,1
48,Inter,1.79,1.5,3.29,1.79,3.29,0.71,0.42,1.1400000000000001,0.71,1.1400000000000001,Salernitana,0.32,0.31,0.63,0.32,0.63,1.34,0.93,2.27,1.34,2.27,1
49,Inter,1.79,1.5,3.29,1.79,3.29,0.71,0.42,1.1400000000000001,0.71,1.1400000000000001,Roma,1.72,1.05,2.77,1.72,2.77,0.45,0.17,0.62,0.45,0.62,1
50,Inter,1.79,1.5,3.29,1.79,3.29,0.71,0.42,1.1400000000000001,0.71,1.1400000000000001,Bologna,0.77,0.63,1.4,0.77,1.4,0.86,0.66,1.52,0.86,1.52,1
51,Inter,1.79,1.5,3.29,1.79,3.29,0.71,0.42,1.1400000000000001,0.71,1.1400000000000001,Cagliari,0.52,0.32,0.84,0.52,0.84,0.9400000000000001,0.64,1.58,0.9400000000000001,1.58,1
52,Inter,1.79,1.5,3.29,1.79,3.29,0.71,0.42,1.1400000000000001,0.71,1.1400000000000001,Udinese,0.88,0.6900000000000001,1.57,0.88,1.57,1.16,0.75,1.9,0.78,1.53,1
53,Inter,1.79,1.5,3.29,1.79,3.29,0.71,0.42,1.1400000000000001,0.71,1.1400000000000001,Torino,0.72,0.53,1.25,0.72,1.25,1.71,0.8200000000000001,2.5300000000000002,0.92,1.74,1
54,Inter,1.79,1.5,3.29,1.79,3.29,0.71,0.42,1.1400000000000001,0.71,1.1400000000000001,Lazio,1.5,1.01,2.51,1.5,2.51,1.0,0.74,1.74,1.0,1.74,1
55,Inter,1.79,1.5,3.29,1.79,3.29,0.71,0.42,1.1400000000000001,0.71,1.1400000000000001,Empoli,0.8300000000000001,0.53,1.3599999999999999,0.8300000000000001,1.3599999999999999,1.25,1.15,2.4,1.25,2.4,1
56,Inter,1.79,1.5,3.29,1.79,3.29,0.71,0.42,1.1400000000000001,0.71,1.1400000000000001,Sassuolo,0.31,0.28,0.58,0.31,0.58,2.4,1.4100000000000001,3.81,1.63,3.03,1
57,Hellas Verona,0.63,0.32,0.9500000000000001,0.63,0.9500000000000001,1.12,0.61,1.73,1.12,1.73,Milan,1.97,1.1400000000000001,3.1,1.18,2.32,0.76,0.6000000000000001,1.3599999999999999,0.76,1.3599999999999999,2
58,Hellas Verona,0.63,0.32,0.9500000000000001,0.63,0.9500000000000001,1.12,0.61,1.73,1.12,1.73,Napoli,2.48,1.55,4.04,1.71,3.26,0.53,0.1,0.63,0.14,0.24,2
59,Hellas Verona,0.63,0.32,0.9500000000000001,0.63,0.9500000000000001,1.12,0.61,1.73,1.12,1.73,Inter,1.79,1.5,3.29,1.79,3.29,0.71,0.42,1.1400000000000001,0.71,1.1400000000000001,2
60,Hellas Verona,0.63,0.32,0.9500000000000001,0.63,0.9500000000000001,1.12,0.61,1.73,1.12,1.73,Fiorentina,1.17,0.84,2.0,1.17,2.0,0.23,0.21,0.45,0.23,0.45,2
61,Hellas Verona,0.63,0.32,0.9500000000000001,0.63,0.9500000000000001,1.12,0.61,1.73,1.12,1.73,Juventus,1.32,0.72,2.04,0.9400000000000001,1.67,0.74,0.62,1.3599999999999999,0.74,1.3599999999999999,2
62,Hellas Verona,0.63,0.32,0.9500000000000001,0.63,0.9500000000000001,1.12,0.61,1.73,1.12,1.73,Lecce,0.85,0.73,1.58,0.85,1.58,1.46,1.44,2.9,1.46,2.9,1
63,Hellas Verona,0.63,0.32,0.9500000000000001,0.63,0.9500000000000001,1.12,0.61,1.73,1.12,1.73,Atalanta,1.48,1.06,2.54,1.48,2.54,0.58,0.54,1.12,0.58,1.12,2
64,Hellas Verona,0.63,0.32,0.9500000000000001,0.63,0.9500000000000001,1.12,0.61,1.73,1.12,1.73,Monza,1.38,1.16,2.55,1.38,2.55,1.82,1.52,3.34,1.82,3.34,3
65,Hellas Verona,0.63,0.32,0.9500000000000001,0.63,0.9500000000000001,1.12,0.61,1.73,1.12,1.73,Frosinone,0.81,0.37,1.18,0.41000000000000003,0.78,1.57,1.2,2.77,1.57,2.77,1
66,Hellas Verona,0.63,0.32,0.9500000000000001,0.63,0.9500000000000001,1.12,0.61,1.73,1.12,1.73,Genoa,0.38,0.22,0.6000000000000001,0.38,0.6000000000000001,1.2,0.41000000000000003,1.62,1.2,1.62,1
67,Hellas Verona,0.63,0.32,0.9500000000000001,0.63,0.9500000000000001,1.12,0.61,1.73,1.12,1.73,Salernitana,0.32,0.31,0.63,0.32,0.63,1.34,0.93,2.27,1.34,2.27,1
68,Hellas Verona,0.63,0.32,0.9500000000000001,0.63,0.9500000000000001,1.12,0.61,1.73,1.12,1.73,Roma,1.72,1.05,2.77,1.72,2.77,0.45,0.17,0.62,0.45,0.62,2
69,Hellas Verona,0.63,0.32,0.9500000000000001,0.63,0.9500000000000001,1.12,0.61,1.73,1.12,1.73,Bologna,0.77,0.63,1.4,0.77,1.4,0.86,0.66,1.52,0.86,1.52,1
70,Hellas Verona,0.63,0.32,0.9500000000000001,0.63,0.9500000000000001,1.12,0.61,1.73,1.12,1.73,Cagliari,0.52,0.32,0.84,0.52,0.84,0.9400000000000001,0.64,1.58,0.9400000000000001,1.58,1
71,Hellas Verona,0.63,0.32,0.9500000000000001,0.63,0.9500000000000001,1.12,0.61,1.73,1.12,1.73,Udinese,0.88,0.6900000000000001,1.57,0.88,1.57,1.16,0.75,1.9,0.78,1.53,1
72,Hellas Verona,0.63,0.32,0.9500000000000001,0.63,0.9500000000000001,1.12,0.61,1.73,1.12,1.73,Torino,0.72,0.53,1.25,0.72,1.25,1.71,0.8200000000000001,2.5300000000000002,0.92,1.74,1
73,Hellas Verona,0.63,0.32,0.9500000000000001,0.63,0.9500000000000001,1.12,0.61,1.73,1.12,1.73,Lazio,1.5,1.01,2.51,1.5,2.51,1.0,0.74,1.74,1.0,1.74,2
74,Hellas Verona,0.63,0.32,0.9500000000000001,0.63,0.9500000000000001,1.12,0.61,1.73,1.12,1.73,Empoli,0.8300000000000001,0.53,1.3599999999999999,0.8300000000000001,1.3599999999999999,1.25,1.15,2.4,1.25,2.4,1
75,Hellas Verona,0.63,0.32,0.9500000000000001,0.63,0.9500000000000001,1.12,0.61,1.73,1.12,1.73,Sassuolo,0.31,0.28,0.58,0.31,0.58,2.4,1.4100000000000001,3.81,1.63,3.03,1
76,Fiorentina,1.17,0.84,2.0,1.17,2.0,0.23,0.21,0.45,0.23,0.45,Milan,1.97,1.1400000000000001,3.1,1.18,2.32,0.76,0.6000000000000001,1.3599999999999999,0.76,1.3599999999999999,2
77,Fiorentina,1.17,0.84,2.0,1.17,2.0,0.23,0.21,0.45,0.23,0.45,Napoli,2.48,1.55,4.04,1.71,3.26,0.53,0.1,0.63,0.14,0.24,2
78,Fiorentina,1.17,0.84,2.0,1.17,2.0,0.23,0.21,0.45,0.23,0.45,Inter,1.79,1.5,3.29,1.79,3.29,0.71,0.42,1.1400000000000001,0.71,1.1400000000000001,2
79,Fiorentina,1.17,0.84,2.0,1.17,2.0,0.23,0.21,0.45,0.23,0.45,Hellas Verona,0.63,0.32,0.9500000000000001,0.63,0.9500000000000001,1.12,0.61,1.73,1.12,1.73,1
80,Fiorentina,1.17,0.84,2.0,1.17,2.0,0.23,0.21,0.45,0.23,0.45,Juventus,1.32,0.72,2.04,0.9400000000000001,1.67,0.74,0.62,1.3599999999999999,0.74,1.3599999999999999,1
81,Fiorentina,1.17,0.84,2.0,1.17,2.0,0.23,0.21,0.45,0.23,0.45,Lecce,0.85,0.73,1.58,0.85,1.58,1.46,1.44,2.9,1.46,2.9,1
82,Fiorentina,1.17,0.84,2.0,1.17,2.0,0.23,0.21,0.45,0.23,0.45,Atalanta,1.48,1.06,2.54,1.48,2.54,0.58,0.54,1.12,0.58,1.12,1
83,Fiorentina,1.17,0.84,2.0,1.17,2.0,0.23,0.21,0.45,0.23,0.45,Monza,1.38,1.16,2.55,1.38,2.55,1.82,1.52,3.34,1.82,3.34,1
84,Fiorentina,1.17,0.84,2.0,1.17,2.0,0.23,0.21,0.45,0.23,0.45,Frosinone,0.81,0.37,1.18,0.41000000000000003,0.78,1.57,1.2,2.77,1.57,2.77,1
85,Fiorentina,1.17,0.84,2.0,1.17,2.0,0.23,0.21,0.45,0.23,0.45,Genoa,0.38,0.22,0.6000000000000001,0.38,0.6000000000000001,1.2,0.41000000000000003,1.62,1.2,1.62,1
86,Fiorentina,1.17,0.84,2.0,1.17,2.0,0.23,0.21,0.45,0.23,0.45,Salernitana,0.32,0.31,0.63,0.32,0.63,1.34,0.93,2.27,1.34,2.27,1
87,Fiorentina,1.17,0.84,2.0,1.17,2.0,0.23,0.21,0.45,0.23,0.45,Roma,1.72,1.05,2.77,1.72,2.77,0.45,0.17,0.62,0.45,0.62,2
88,Fiorentina,1.17,0.84,2.0,1.17,2.0,0.23,0.21,0.45,0.23,0.45,Bologna,0.77,0.63,1.4,0.77,1.4,0.86,0.66,1.52,0.86,1.52,1
89,Fiorentina,1.17,0.84,2.0,1.17,2.0,0.23,0.21,0.45,0.23,0.45,Cagliari,0.52,0.32,0.84,0.52,0.84,0.9400000000000001,0.64,1.58,0.9400000000000001,1.58,1
90,Fiorentina,1.17,0.84,2.0,1.17,2.0,0.23,0.21,0.45,0.23,0.45,Udinese,0.88,0.6900000000000001,1.57,0.88,1.57,1.16,0.75,1.9,0.78,1.53,1
91,Fiorentina,1.17,0.84,2.0,1.17,2.0,0.23,0.21,0.45,0.23,0.45,Torino,0.72,0.53,1.25,0.72,1.25,1.71,0.8200000000000001,2.5300000000000002,0.92,1.74,1
92,Fiorentina,1.17,0.84,2.0,1.17,2.0,0.23,0.21,0.45,0.23,0.45,Lazio,1.5,1.01,2.51,1.5,2.51,1.0,0.74,1.74,1.0,1.74,1
93,Fiorentina,1.17,0.84,2.0,1.17,2.0,0.23,0.21,0.45,0.23,0.45,Empoli,0.8300000000000001,0.53,1.3599999999999999,0.8300000000000001,1.3599999999999999,1.25,1.15,2.4,1.25,2.4,1
94,Fiorentina,1.17,0.84,2.0,1.17,2.0,0.23,0.21,0.45,0.23,0.45,Sassuolo,0.31,0.28,0.58,0.31,0.58,2.4,1.4100000000000001,3.81,1.63,3.03,1
95,Juventus,1.32,0.72,2.04,0.9400000000000001,1.67,0.74,0.62,1.3599999999999999,0.74,1.3599999999999999,Milan,1.97,1.1400000000000001,3.1,1.18,2.32,0.76,0.6000000000000001,1.3599999999999999,0.76,1.3599999999999999,2
96,Juventus,1.32,0.72,2.04,0.9400000000000001,1.67,0.74,0.62,1.3599999999999999,0.74,1.3599999999999999,Napoli,2.48,1.55,4.04,1.71,3.26,0.53,0.1,0.63,0.14,0.24,2
97,Juventus,1.32,0.72,2.04,0.9400000000000001,1.67,0.74,0.62,1.3599999999999999,0.74,1.3599999999999999,Inter,1.79,1.5,3.29,1.79,3.29,0.71,0.42,1.1400000000000001,0.71,1.1400000000000001,2
98,Juventus,1.32,0.72,2.04,0.9400000000000001,1.67,0.74,0.62,1.3599999999999999,0.74,1.3599999999999999,Hellas Verona,0.63,0.32,0.9500000000000001,0.63,0.9500000000000001,1.12,0.61,1.73,1.12,1.73,1
99,Juventus,1.32,0.72,2.04,0.9400000000000001,1.67,0.74,0.62,1.3599999999999999,0.74,1.3599999999999999,Fiorentina,1.17,0.84,2.0,1.17,2.0,0.23,0.21,0.45,0.23,0.45,2
100,Juventus,1.32,0.72,2.04,0.9400000000000001,1.67,0.74,0.62,1.3599999999999999,0.74,1.3599999999999999,Lecce,0.85,0.73,1.58,0.85,1.58,1.46,1.44,2.9,1.46,2.9,1
101,Juventus,1.32,0.72,2.04,0.9400000000000001,1.67,0.74,0.62,1.3599999999999999,0.74,1.3599999999999999,Atalanta,1.48,1.06,2.54,1.48,2.54,0.58,0.54,1.12,0.58,1.12,2
102,Juventus,1.32,0.72,2.04,0.9400000000000001,1.67,0.74,0.62,1.3599999999999999,0.74,1.3599999999999999,Monza,1.38,1.16,2.55,1.38,2.55,1.82,1.52,3.34,1.82,3.34,1
103,Juventus,1.32,0.72,2.04,0.9400000000000001,1.67,0.74,0.62,1.3599999999999999,0.74,1.3599999999999999,Frosinone,0.81,0.37,1.18,0.41000000000000003,0.78,1.57,1.2,2.77,1.57,2.77,1
104,Juventus,1.32,0.72,2.04,0.9400000000000001,1.67,0.74,0.62,1.3599999999999999,0.74,1.3599999999999999,Genoa,0.38,0.22,0.6000000000000001,0.38,0.6000000000000001,1.2,0.41000000000000003,1.62,1.2,1.62,1
105,Juventus,1.32,0.72,2.04,0.9400000000000001,1.67,0.74,0.62,1.3599999999999999,0.74,1.3599999999999999,Salernitana,0.32,0.31,0.63,0.32,0.63,1.34,0.93,2.27,1.34,2.27,1
106,Juventus,1.32,0.72,2.04,0.9400000000000001,1.67,0.74,0.62,1.3599999999999999,0.74,1.3599999999999999,Roma,1.72,1.05,2.77,1.72,2.77,0.45,0.17,0.62,0.45,0.62,2
107,Juventus,1.32,0.72,2.04,0.9400000000000001,1.67,0.74,0.62,1.3599999999999999,0.74,1.3599999999999999,Bologna,0.77,0.63,1.4,0.77,1.4,0.86,0.66,1.52,0.86,1.52,1
108,Juventus,1.32,0.72,2.04,0.9400000000000001,1.67,0.74,0.62,1.3599999999999999,0.74,1.3599999999999999,Cagliari,0.52,0.32,0.84,0.52,0.84,0.9400000000000001,0.64,1.58,0.9400000000000001,1.58,1
109,Juventus,1.32,0.72,2.04,0.9400000000000001,1.67,0.74,0.62,1.3599999999999999,0.74,1.3599999999999999,Udinese,0.88,0.6900000000000001,1.57,0.88,1.57,1.16,0.75,1.9,0.78,1.53,1
110,Juventus,1.32,0.72,2.04,0.9400000000000001,1.67,0.74,0.62,1.3599999999999999,0.74,1.3599999999999999,Torino,0.72,0.53,1.25,0.72,1.25,1.71,0.8200000000000001,2.5300000000000002,0.92,1.74,1
111,Juventus,1.32,0.72,2.04,0.9400000000000001,1.67,0.74,0.62,1.3599999999999999,0.74,1.3599999999999999,Lazio,1.5,1.01,2.51,1.5,2.51,1.0,0.74,1.74,1.0,1.74,2
112,Juventus,1.32,0.72,2.04,0.9400000000000001,1.67,0.74,0.62,1.3599999999999999,0.74,1.3599999999999999,Empoli,0.8300000000000001,0.53,1.3599999999999999,0.8300000000000001,1.3599999999999999,1.25,1.15,2.4,1.25,2.4,1
113,Juventus,1.32,0.72,2.04,0.9400000000000001,1.67,0.74,0.62,1.3599999999999999,0.74,1.3599999999999999,Sassuolo,0.31,0.28,0.58,0.31,0.58,2.4,1.4100000000000001,3.81,1.63,3.03,1
114,Lecce,0.85,0.73,1.58,0.85,1.58,1.46,1.44,2.9,1.46,2.9,Milan,1.97,1.1400000000000001,3.1,1.18,2.32,0.76,0.6000000000000001,1.3599999999999999,0.76,1.3599999999999999,2
115,Lecce,0.85,0.73,1.58,0.85,1.58,1.46,1.44,2.9,1.46,2.9,Napoli,2.48,1.55,4.04,1.71,3.26,0.53,0.1,0.63,0.14,0.24,2
116,Lecce,0.85,0.73,1.58,0.85,1.58,1.46,1.44,2.9,1.46,2.9,Inter,1.79,1.5,3.29,1.79,3.29,0.71,0.42,1.1400000000000001,0.71,1.1400000000000001,2
117,Lecce,0.85,0.73,1.58,0.85,1.58,1.46,1.44,2.9,1.46,2.9,Hellas Verona,0.63,0.32,0.9500000000000001,0.63,0.9500000000000001,1.12,0.61,1.73,1.12,1.73,1
118,Lecce,0.85,0.73,1.58,0.85,1.58,1.46,1.44,2.9,1.46,2.9,Fiorentina,1.17,0.84,2.0,1.17,2.0,0.23,0.21,0.45,0.23,0.45,2
119,Lecce,0.85,0.73,1.58,0.85,1.58,1.46,1.44,2.9,1.46,2.9,Juventus,1.32,0.72,2.04,0.9400000000000001,1.67,0.74,0.62,1.3599999999999999,0.74,1.3599999999999999,2
120,Lecce,0.85,0.73,1.58,0.85,1.58,1.46,1.44,2.9,1.46,2.9,Atalanta,1.48,1.06,2.54,1.48,2.54,0.58,0.54,1.12,0.58,1.12,2
121,Lecce,0.85,0.73,1.58,0.85,1.58,1.46,1.44,2.9,1.46,2.9,Monza,1.38,1.16,2.55,1.38,2.55,1.82,1.52,3.34,1.82,3.34,3
122,Lecce,0.85,0.73,1.58,0.85,1.58,1.46,1.44,2.9,1.46,2.9,Frosinone,0.81,0.37,1.18,0.41000000000000003,0.78,1.57,1.2,2.77,1.57,2.77,1
123,Lecce,0.85,0.73,1.58,0.85,1.58,1.46,1.44,2.9,1.46,2.9,Genoa,0.38,0.22,0.6000000000000001,0.38,0.6000000000000001,1.2,0.41000000000000003,1.62,1.2,1.62,1
124,Lecce,0.85,0.73,1.58,0.85,1.58,1.46,1.44,2.9,1.46,2.9,Salernitana,0.32,0.31,0.63,0.32,0.63,1.34,0.93,2.27,1.34,2.27,1
125,Lecce,0.85,0.73,1.58,0.85,1.58,1.46,1.44,2.9,1.46,2.9,Roma,1.72,1.05,2.77,1.72,2.77,0.45,0.17,0.62,0.45,0.62,2
126,Lecce,0.85,0.73,1.58,0.85,1.58,1.46,1.44,2.9,1.46,2.9,Bologna,0.77,0.63,1.4,0.77,1.4,0.86,0.66,1.52,0.86,1.52,2
127,Lecce,0.85,0.73,1.58,0.85,1.58,1.46,1.44,2.9,1.46,2.9,Cagliari,0.52,0.32,0.84,0.52,0.84,0.9400000000000001,0.64,1.58,0.9400000000000001,1.58,1
128,Lecce,0.85,0.73,1.58,0.85,1.58,1.46,1.44,2.9,1.46,2.9,Udinese,0.88,0.6900000000000001,1.57,0.88,1.57,1.16,0.75,1.9,0.78,1.53,3
129,Lecce,0.85,0.73,1.58,0.85,1.58,1.46,1.44,2.9,1.46,2.9,Torino,0.72,0.53,1.25,0.72,1.25,1.71,0.8200000000000001,2.5300000000000002,0.92,1.74,3
130,Lecce,0.85,0.73,1.58,0.85,1.58,1.46,1.44,2.9,1.46,2.9,Lazio,1.5,1.01,2.51,1.5,2.51,1.0,0.74,1.74,1.0,1.74,2
131,Lecce,0.85,0.73,1.58,0.85,1.58,1.46,1.44,2.9,1.46,2.9,Empoli,0.8300000000000001,0.53,1.3599999999999999,0.8300000000000001,1.3599999999999999,1.25,1.15,2.4,1.25,2.4,3
132,Lecce,0.85,0.73,1.58,0.85,1.58,1.46,1.44,2.9,1.46,2.9,Sassuolo,0.31,0.28,0.58,0.31,0.58,2.4,1.4100000000000001,3.81,1.63,3.03,3
133,Atalanta,1.48,1.06,2.54,1.48,2.54,0.58,0.54,1.12,0.58,1.12,Milan,1.97,1.1400000000000001,3.1,1.18,2.32,0.76,0.6000000000000001,1.3599999999999999,0.76,1.3599999999999999,2
134,Atalanta,1.48,1.06,2.54,1.48,2.54,0.58,0.54,1.12,0.58,1.12,Napoli,2.48,1.55,4.04,1.71,3.26,0.53,0.1,0.63,0.14,0.24,2
135,Atalanta,1.48,1.06,2.54,1.48,2.54,0.58,0.54,1.12,0.58,1.12,Inter,1.79,1.5,3.29,1.79,3.29,0.71,0.42,1.1400000000000001,0.71,1.1400000000000001,2
136,Atalanta,1.48,1.06,2.54,1.48,2.54,0.58,0.54,1.12,0.58,1.12,Hellas Verona,0.63,0.32,0.9500000000000001,0.63,0.9500000000000001,1.12,0.61,1.73,1.12,1.73,1
137,Atalanta,1.48,1.06,2.54,1.48,2.54,0.58,0.54,1.12,0.58,1.12,Fiorentina,1.17,0.84,2.0,1.17,2.0,0.23,0.21,0.45,0.23,0.45,1
138,Atalanta,1.48,1.06,2.54,1.48,2.54,0.58,0.54,1.12,0.58,1.12,Juventus,1.32,0.72,2.04,0.9400000000000001,1.67,0.74,0.62,1.3599999999999999,0.74,1.3599999999999999,1
139,Atalanta,1.48,1.06,2.54,1.48,2.54,0.58,0.54,1.12,0.58,1.12,Lecce,0.85,0.73,1.58,0.85,1.58,1.46,1.44,2.9,1.46,2.9,1
140,Atalanta,1.48,1.06,2.54,1.48,2.54,0.58,0.54,1.12,0.58,1.12,Monza,1.38,1.16,2.55,1.38,2.55,1.82,1.52,3.34,1.82,3.34,1
141,Atalanta,1.48,1.06,2.54,1.48,2.54,0.58,0.54,1.12,0.58,1.12,Frosinone,0.81,0.37,1.18,0.41000000000000003,0.78,1.57,1.2,2.77,1.57,2.77,1
142,Atalanta,1.48,1.06,2.54,1.48,2.54,0.58,0.54,1.12,0.58,1.12,Genoa,0.38,0.22,0.6000000000000001,0.38,0.6000000000000001,1.2,0.41000000000000003,1.62,1.2,1.62,1
143,Atalanta,1.48,1.06,2.54,1.48,2.54,0.58,0.54,1.12,0.58,1.12,Salernitana,0.32,0.31,0.63,0.32,0.63,1.34,0.93,2.27,1.34,2.27,1
144,Atalanta,1.48,1.06,2.54,1.48,2.54,0.58,0.54,1.12,0.58,1.12,Roma,1.72,1.05,2.77,1.72,2.77,0.45,0.17,0.62,0.45,0.62,2
145,Atalanta,1.48,1.06,2.54,1.48,2.54,0.58,0.54,1.12,0.58,1.12,Bologna,0.77,0.63,1.4,0.77,1.4,0.86,0.66,1.52,0.86,1.52,1
146,Atalanta,1.48,1.06,2.54,1.48,2.54,0.58,0.54,1.12,0.58,1.12,Cagliari,0.52,0.32,0.84,0.52,0.84,0.9400000000000001,0.64,1.58,0.9400000000000001,1.58,1
147,Atalanta,1.48,1.06,2.54,1.48,2.54,0.58,0.54,1.12,0.58,1.12,Udinese,0.88,0.6900000000000001,1.57,0.88,1.57,1.16,0.75,1.9,0.78,1.53,1
148,Atalanta,1.48,1.06,2.54,1.48,2.54,0.58,0.54,1.12,0.58,1.12,Torino,0.72,0.53,1.25,0.72,1.25,1.71,0.8200000000000001,2.5300000000000002,0.92,1.74,1
149,Atalanta,1.48,1.06,2.54,1.48,2.54,0.58,0.54,1.12,0.58,1.12,Lazio,1.5,1.01,2.51,1.5,2.51,1.0,0.74,1.74,1.0,1.74,1
150,Atalanta,1.48,1.06,2.54,1.48,2.54,0.58,0.54,1.12,0.58,1.12,Empoli,0.8300000000000001,0.53,1.3599999999999999,0.8300000000000001,1.3599999999999999,1.25,1.15,2.4,1.25,2.4,1
151,Atalanta,1.48,1.06,2.54,1.48,2.54,0.58,0.54,1.12,0.58,1.12,Sassuolo,0.31,0.28,0.58,0.31,0.58,2.4,1.4100000000000001,3.81,1.63,3.03,1
152,Monza,1.38,1.16,2.55,1.38,2.55,1.82,1.52,3.34,1.82,3.34,Milan,1.97,1.1400000000000001,3.1,1.18,2.32,0.76,0.6000000000000001,1.3599999999999999,0.76,1.3599999999999999,2
153,Monza,1.38,1.16,2.55,1.38,2.55,1.82,1.52,3.34,1.82,3.34,Napoli,2.48,1.55,4.04,1.71,3.26,0.53,0.1,0.63,0.14,0.24,2
154,Monza,1.38,1.16,2.55,1.38,2.55,1.82,1.52,3.34,1.82,3.34,Inter,1.79,1.5,3.29,1.79,3.29,0.71,0.42,1.1400000000000001,0.71,1.1400000000000001,2
155,Monza,1.38,1.16,2.55,1.38,2.55,1.82,1.52,3.34,1.82,3.34,Hellas Verona,0.63,0.32,0.9500000000000001,0.63,0.9500000000000001,1.12,0.61,1.73,1.12,1.73,1
156,Monza,1.38,1.16,2.55,1.38,2.55,1.82,1.52,3.34,1.82,3.34,Fiorentina,1.17,0.84,2.0,1.17,2.0,0.23,0.21,0.45,0.23,0.45,2
157,Monza,1.38,1.16,2.55,1.38,2.55,1.82,1.52,3.34,1.82,3.34,Juventus,1.32,0.72,2.04,0.9400000000000001,1.67,0.74,0.62,1.3599999999999999,0.74,1.3599999999999999,2
158,Monza,1.38,1.16,2.55,1.38,2.55,1.82,1.52,3.34,1.82,3.34,Lecce,0.85,0.73,1.58,0.85,1.58,1.46,1.44,2.9,1.46,2.9,1
159,Monza,1.38,1.16,2.55,1.38,2.55,1.82,1.52,3.34,1.82,3.34,Atalanta,1.48,1.06,2.54,1.48,2.54,0.58,0.54,1.12,0.58,1.12,2
160,Monza,1.38,1.16,2.55,1.38,2.55,1.82,1.52,3.34,1.82,3.34,Frosinone,0.81,0.37,1.18,0.41000000000000003,0.78,1.57,1.2,2.77,1.57,2.77,1
161,Monza,1.38,1.16,2.55,1.38,2.55,1.82,1.52,3.34,1.82,3.34,Genoa,0.38,0.22,0.6000000000000001,0.38,0.6000000000000001,1.2,0.41000000000000003,1.62,1.2,1.62,1
162,Monza,1.38,1.16,2.55,1.38,2.55,1.82,1.52,3.34,1.82,3.34,Salernitana,0.32,0.31,0.63,0.32,0.63,1.34,0.93,2.27,1.34,2.27,1
163,Monza,1.38,1.16,2.55,1.38,2.55,1.82,1.52,3.34,1.82,3.34,Roma,1.72,1.05,2.77,1.72,2.77,0.45,0.17,0.62,0.45,0.62,2
164,Monza,1.38,1.16,2.55,1.38,2.55,1.82,1.52,3.34,1.82,3.34,Bologna,0.77,0.63,1.4,0.77,1.4,0.86,0.66,1.52,0.86,1.52,1
165,Monza,1.38,1.16,2.55,1.38,2.55,1.82,1.52,3.34,1.82,3.34,Cagliari,0.52,0.32,0.84,0.52,0.84,0.9400000000000001,0.64,1.58,0.9400000000000001,1.58,1
166,Monza,1.38,1.16,2.55,1.38,2.55,1.82,1.52,3.34,1.82,3.34,Udinese,0.88,0.6900000000000001,1.57,0.88,1.57,1.16,0.75,1.9,0.78,1.53,1
167,Monza,1.38,1.16,2.55,1.38,2.55,1.82,1.52,3.34,1.82,3.34,Torino,0.72,0.53,1.25,0.72,1.25,1.71,0.8200000000000001,2.5300000000000002,0.92,1.74,1
168,Monza,1.38,1.16,2.55,1.38,2.55,1.82,1.52,3.34,1.82,3.34,Lazio,1.5,1.01,2.51,1.5,2.51,1.0,0.74,1.74,1.0,1.74,2
169,Monza,1.38,1.16,2.55,1.38,2.55,1.82,1.52,3.34,1.82,3.34,Empoli,0.8300000000000001,0.53,1.3599999999999999,0.8300000000000001,1.3599999999999999,1.25,1.15,2.4,1.25,2.4,1
170,Monza,1.38,1.16,2.55,1.38,2.55,1.82,1.52,3.34,1.82,3.34,Sassuolo,0.31,0.28,0.58,0.31,0.58,2.4,1.4100000000000001,3.81,1.63,3.03,1
171,Frosinone,0.81,0.37,1.18,0.41000000000000003,0.78,1.57,1.2,2.77,1.57,2.77,Milan,1.97,1.1400000000000001,3.1,1.18,2.32,0.76,0.6000000000000001,1.3599999999999999,0.76,1.3599999999999999,2
172,Frosinone,0.81,0.37,1.18,0.41000000000000003,0.78,1.57,1.2,2.77,1.57,2.77,Napoli,2.48,1.55,4.04,1.71,3.26,0.53,0.1,0.63,0.14,0.24,2
173,Frosinone,0.81,0.37,1.18,0.41000000000000003,0.78,1.57,1.2,2.77,1.57,2.77,Inter,1.79,1.5,3.29,1.79,3.29,0.71,0.42,1.1400000000000001,0.71,1.1400000000000001,2
174,Frosinone,0.81,0.37,1.18,0.41000000000000003,0.78,1.57,1.2,2.77,1.57,2.77,Hellas Verona,0.63,0.32,0.9500000000000001,0.63,0.9500000000000001,1.12,0.61,1.73,1.12,1.73,1
175,Frosinone,0.81,0.37,1.18,0.41000000000000003,0.78,1.57,1.2,2.77,1.57,2.77,Fiorentina,1.17,0.84,2.0,1.17,2.0,0.23,0.21,0.45,0.23,0.45,2
176,Frosinone,0.81,0.37,1.18,0.41000000000000003,0.78,1.57,1.2,2.77,1.57,2.77,Juventus,1.32,0.72,2.04,0.9400000000000001,1.67,0.74,0.62,1.3599999999999999,0.74,1.3599999999999999,2
177,Frosinone,0.81,0.37,1.18,0.41000000000000003,0.78,1.57,1.2,2.77,1.57,2.77,Lecce,0.85,0.73,1.58,0.85,1.58,1.46,1.44,2.9,1.46,2.9,3
178,Frosinone,0.81,0.37,1.18,0.41000000000000003,0.78,1.57,1.2,2.77,1.57,2.77,Atalanta,1.48,1.06,2.54,1.48,2.54,0.58,0.54,1.12,0.58,1.12,2
179,Frosinone,0.81,0.37,1.18,0.41000000000000003,0.78,1.57,1.2,2.77,1.57,2.77,Monza,1.38,1.16,2.55,1.38,2.55,1.82,1.52,3.34,1.82,3.34,3
180,Frosinone,0.81,0.37,1.18,0.41000000000000003,0.78,1.57,1.2,2.77,1.57,2.77,Genoa,0.38,0.22,0.6000000000000001,0.38,0.6000000000000001,1.2,0.41000000000000003,1.62,1.2,1.62,1
181,Frosinone,0.81,0.37,1.18,0.41000000000000003,0.78,1.57,1.2,2.77,1.57,2.77,Salernitana,0.32,0.31,0.63,0.32,0.63,1.34,0.93,2.27,1.34,2.27,1
182,Frosinone,0.81,0.37,1.18,0.41000000000000003,0.78,1.57,1.2,2.77,1.57,2.77,Roma,1.72,1.05,2.77,1.72,2.77,0.45,0.17,0.62,0.45,0.62,2
183,Frosinone,0.81,0.37,1.18,0.41000000000000003,0.78,1.57,1.2,2.77,1.57,2.77,Bologna,0.77,0.63,1.4,0.77,1.4,0.86,0.66,1.52,0.86,1.52,2
184,Frosinone,0.81,0.37,1.18,0.41000000000000003,0.78,1.57,1.2,2.77,1.57,2.77,Cagliari,0.52,0.32,0.84,0.52,0.84,0.9400000000000001,0.64,1.58,0.9400000000000001,1.58,1
185,Frosinone,0.81,0.37,1.18,0.41000000000000003,0.78,1.57,1.2,2.77,1.57,2.77,Udinese,0.88,0.6900000000000001,1.57,0.88,1.57,1.16,0.75,1.9,0.78,1.53,3
186,Frosinone,0.81,0.37,1.18,0.41000000000000003,0.78,1.57,1.2,2.77,1.57,2.77,Torino,0.72,0.53,1.25,0.72,1.25,1.71,0.8200000000000001,2.5300000000000002,0.92,1.74,3
187,Frosinone,0.81,0.37,1.18,0.41000000000000003,0.78,1.57,1.2,2.77,1.57,2.77,Lazio,1.5,1.01,2.51,1.5,2.51,1.0,0.74,1.74,1.0,1.74,2
188,Frosinone,0.81,0.37,1.18,0.41000000000000003,0.78,1.57,1.2,2.77,1.57,2.77,Empoli,0.8300000000000001,0.53,1.3599999999999999,0.8300000000000001,1.3599999999999999,1.25,1.15,2.4,1.25,2.4,3
189,Frosinone,0.81,0.37,1.18,0.41000000000000003,0.78,1.57,1.2,2.77,1.57,2.77,Sassuolo,0.31,0.28,0.58,0.31,0.58,2.4,1.4100000000000001,3.81,1.63,3.03,1
190,Genoa,0.38,0.22,0.6000000000000001,0.38,0.6000000000000001,1.2,0.41000000000000003,1.62,1.2,1.62,Milan,1.97,1.1400000000000001,3.1,1.18,2.32,0.76,0.6000000000000001,1.3599999999999999,0.76,1.3599999999999999,2
191,Genoa,0.38,0.22,0.6000000000000001,0.38,0.6000000000000001,1.2,0.41000000000000003,1.62,1.2,1.62,Napoli,2.48,1.55,4.04,1.71,3.26,0.53,0.1,0.63,0.14,0.24,2
192,Genoa,0.38,0.22,0.6000000000000001,0.38,0.6000000000000001,1.2,0.41000000000000003,1.62,1.2,1.62,Inter,1.79,1.5,3.29,1.79,3.29,0.71,0.42,1.1400000000000001,0.71,1.1400000000000001,2
193,Genoa,0.38,0.22,0.6000000000000001,0.38,0.6000000000000001,1.2,0.41000000000000003,1.62,1.2,1.62,Hellas Verona,0.63,0.32,0.9500000000000001,0.63,0.9500000000000001,1.12,0.61,1.73,1.12,1.73,1
194,Genoa,0.38,0.22,0.6000000000000001,0.38,0.6000000000000001,1.2,0.41000000000000003,1.62,1.2,1.62,Fiorentina,1.17,0.84,2.0,1.17,2.0,0.23,0.21,0.45,0.23,0.45,2
195,Genoa,0.38,0.22,0.6000000000000001,0.38,0.6000000000000001,1.2,0.41000000000000003,1.62,1.2,1.62,Juventus,1.32,0.72,2.04,0.9400000000000001,1.67,0.74,0.62,1.3599999999999999,0.74,1.3599999999999999,2
196,Genoa,0.38,0.22,0.6000000000000001,0.38,0.6000000000000001,1.2,0.41000000000000003,1.62,1.2,1.62,Lecce,0.85,0.73,1.58,0.85,1.58,1.46,1.44,2.9,1.46,2.9,3
197,Genoa,0.38,0.22,0.6000000000000001,0.38,0.6000000000000001,1.2,0.41000000000000003,1.62,1.2,1.62,Atalanta,1.48,1.06,2.54,1.48,2.54,0.58,0.54,1.12,0.58,1.12,2
198,Genoa,0.38,0.22,0.6000000000000001,0.38,0.6000000000000001,1.2,0.41000000000000003,1.62,1.2,1.62,Monza,1.38,1.16,2.55,1.38,2.55,1.82,1.52,3.34,1.82,3.34,3
199,Genoa,0.38,0.22,0.6000000000000001,0.38,0.6000000000000001,1.2,0.41000000000000003,1.62,1.2,1.62,Frosinone,0.81,0.37,1.18,0.41000000000000003,0.78,1.57,1.2,2.77,1.57,2.77,1
200,Genoa,0.38,0.22,0.6000000000000001,0.38,0.6000000000000001,1.2,0.41000000000000003,1.62,1.2,1.62,Salernitana,0.32,0.31,0.63,0.32,0.63,1.34,0.93,2.27,1.34,2.27,1
201,Genoa,0.38,0.22,0.6000000000000001,0.38,0.6000000000000001,1.2,0.41000000000000003,1.62,1.2,1.62,Roma,1.72,1.05,2.77,1.72,2.77,0.45,0.17,0.62,0.45,0.62,2
202,Genoa,0.38,0.22,0.6000000000000001,0.38,0.6000000000000001,1.2,0.41000000000000003,1.62,1.2,1.62,Bologna,0.77,0.63,1.4,0.77,1.4,0.86,0.66,1.52,0.86,1.52,2
203,Genoa,0.38,0.22,0.6000000000000001,0.38,0.6000000000000001,1.2,0.41000000000000003,1.62,1.2,1.62,Cagliari,0.52,0.32,0.84,0.52,0.84,0.9400000000000001,0.64,1.58,0.9400000000000001,1.58,1
204,Genoa,0.38,0.22,0.6000000000000001,0.38,0.6000000000000001,1.2,0.41000000000000003,1.62,1.2,1.62,Udinese,0.88,0.6900000000000001,1.57,0.88,1.57,1.16,0.75,1.9,0.78,1.53,1
205,Genoa,0.38,0.22,0.6000000000000001,0.38,0.6000000000000001,1.2,0.41000000000000003,1.62,1.2,1.62,Torino,0.72,0.53,1.25,0.72,1.25,1.71,0.8200000000000001,2.5300000000000002,0.92,1.74,1
206,Genoa,0.38,0.22,0.6000000000000001,0.38,0.6000000000000001,1.2,0.41000000000000003,1.62,1.2,1.62,Lazio,1.5,1.01,2.51,1.5,2.51,1.0,0.74,1.74,1.0,1.74,2
207,Genoa,0.38,0.22,0.6000000000000001,0.38,0.6000000000000001,1.2,0.41000000000000003,1.62,1.2,1.62,Empoli,0.8300000000000001,0.53,1.3599999999999999,0.8300000000000001,1.3599999999999999,1.25,1.15,2.4,1.25,2.4,1
208,Genoa,0.38,0.22,0.6000000000000001,0.38,0.6000000000000001,1.2,0.41000000000000003,1.62,1.2,1.62,Sassuolo,0.31,0.28,0.58,0.31,0.58,2.4,1.4100000000000001,3.81,1.63,3.03,1
209,Salernitana,0.32,0.31,0.63,0.32,0.63,1.34,0.93,2.27,1.34,2.27,Milan,1.97,1.1400000000000001,3.1,1.18,2.32,0.76,0.6000000000000001,1.3599999999999999,0.76,1.3599999999999999,2
210,Salernitana,0.32,0.31,0.63,0.32,0.63,1.34,0.93,2.27,1.34,2.27,Napoli,2.48,1.55,4.04,1.71,3.26,0.53,0.1,0.63,0.14,0.24,2
211,Salernitana,0.32,0.31,0.63,0.32,0.63,1.34,0.93,2.27,1.34,2.27,Inter,1.79,1.5,3.29,1.79,3.29,0.71,0.42,1.1400000000000001,0.71,1.1400000000000001,2
212,Salernitana,0.32,0.31,0.63,0.32,0.63,1.34,0.93,2.27,1.34,2.27,Hellas Verona,0.63,0.32,0.9500000000000001,0.63,0.9500000000000001,1.12,0.61,1.73,1.12,1.73,1
213,Salernitana,0.32,0.31,0.63,0.32,0.63,1.34,0.93,2.27,1.34,2.27,Fiorentina,1.17,0.84,2.0,1.17,2.0,0.23,0.21,0.45,0.23,0.45,2
214,Salernitana,0.32,0.31,0.63,0.32,0.63,1.34,0.93,2.27,1.34,2.27,Juventus,1.32,0.72,2.04,0.9400000000000001,1.67,0.74,0.62,1.3599999999999999,0.74,1.3599999999999999,2
215,Salernitana,0.32,0.31,0.63,0.32,0.63,1.34,0.93,2.27,1.34,2.27,Lecce,0.85,0.73,1.58,0.85,1.58,1.46,1.44,2.9,1.46,2.9,3
216,Salernitana,0.32,0.31,0.63,0.32,0.63,1.34,0.93,2.27,1.34,2.27,Atalanta,1.48,1.06,2.54,1.48,2.54,0.58,0.54,1.12,0.58,1.12,2
217,Salernitana,0.32,0.31,0.63,0.32,0.63,1.34,0.93,2.27,1.34,2.27,Monza,1.38,1.16,2.55,1.38,2.55,1.82,1.52,3.34,1.82,3.34,2
218,Salernitana,0.32,0.31,0.63,0.32,0.63,1.34,0.93,2.27,1.34,2.27,Frosinone,0.81,0.37,1.18,0.41000000000000003,0.78,1.57,1.2,2.77,1.57,2.77,2
219,Salernitana,0.32,0.31,0.63,0.32,0.63,1.34,0.93,2.27,1.34,2.27,Genoa,0.38,0.22,0.6000000000000001,0.38,0.6000000000000001,1.2,0.41000000000000003,1.62,1.2,1.62,1
220,Salernitana,0.32,0.31,0.63,0.32,0.63,1.34,0.93,2.27,1.34,2.27,Roma,1.72,1.05,2.77,1.72,2.77,0.45,0.17,0.62,0.45,0.62,2
221,Salernitana,0.32,0.31,0.63,0.32,0.63,1.34,0.93,2.27,1.34,2.27,Bologna,0.77,0.63,1.4,0.77,1.4,0.86,0.66,1.52,0.86,1.52,2
222,Salernitana,0.32,0.31,0.63,0.32,0.63,1.34,0.93,2.27,1.34,2.27,Cagliari,0.52,0.32,0.84,0.52,0.84,0.9400000000000001,0.64,1.58,0.9400000000000001,1.58,1
223,Salernitana,0.32,0.31,0.63,0.32,0.63,1.34,0.93,2.27,1.34,2.27,Udinese,0.88,0.6900000000000001,1.57,0.88,1.57,1.16,0.75,1.9,0.78,1.53,2
224,Salernitana,0.32,0.31,0.63,0.32,0.63,1.34,0.93,2.27,1.34,2.27,Torino,0.72,0.53,1.25,0.72,1.25,1.71,0.8200000000000001,2.5300000000000002,0.92,1.74,3
225,Salernitana,0.32,0.31,0.63,0.32,0.63,1.34,0.93,2.27,1.34,2.27,Lazio,1.5,1.01,2.51,1.5,2.51,1.0,0.74,1.74,1.0,1.74,2
226,Salernitana,0.32,0.31,0.63,0.32,0.63,1.34,0.93,2.27,1.34,2.27,Empoli,0.8300000000000001,0.53,1.3599999999999999,0.8300000000000001,1.3599999999999999,1.25,1.15,2.4,1.25,2.4,3
227,Salernitana,0.32,0.31,0.63,0.32,0.63,1.34,0.93,2.27,1.34,2.27,Sassuolo,0.31,0.28,0.58,0.31,0.58,2.4,1.4100000000000001,3.81,1.63,3.03,3
228,Roma,1.72,1.05,2.77,1.72,2.77,0.45,0.17,0.62,0.45,0.62,Milan,1.97,1.1400000000000001,3.1,1.18,2.32,0.76,0.6000000000000001,1.3599999999999999,0.76,1.3599999999999999,1
229,Roma,1.72,1.05,2.77,1.72,2.77,0.45,0.17,0.62,0.45,0.62,Napoli,2.48,1.55,4.04,1.71,3.26,0.53,0.1,0.63,0.14,0.24,2
230,Roma,1.72,1.05,2.77,1.72,2.77,0.45,0.17,0.62,0.45,0.62,Inter,1.79,1.5,3.29,1.79,3.29,0.71,0.42,1.1400000000000001,0.71,1.1400000000000001,1
231,Roma,1.72,1.05,2.77,1.72,2.77,0.45,0.17,0.62,0.45,0.62,Hellas Verona,0.63,0.32,0.9500000000000001,0.63,0.9500000000000001,1.12,0.61,1.73,1.12,1.73,1
232,Roma,1.72,1.05,2.77,1.72,2.77,0.45,0.17,0.62,0.45,0.62,Fiorentina,1.17,0.84,2.0,1.17,2.0,0.23,0.21,0.45,0.23,0.45,1
233,Roma,1.72,1.05,2.77,1.72,2.77,0.45,0.17,0.62,0.45,0.62,Juventus,1.32,0.72,2.04,0.9400000000000001,1.67,0.74,0.62,1.3599999999999999,0.74,1.3599999999999999,1
234,Roma,1.72,1.05,2.77,1.72,2.77,0.45,0.17,0.62,0.45,0.62,Lecce,0.85,0.73,1.58,0.85,1.58,1.46,1.44,2.9,1.46,2.9,1
235,Roma,1.72,1.05,2.77,1.72,2.77,0.45,0.17,0.62,0.45,0.62,Atalanta,1.48,1.06,2.54,1.48,2.54,0.58,0.54,1.12,0.58,1.12,1
236,Roma,1.72,1.05,2.77,1.72,2.77,0.45,0.17,0.62,0.45,0.62,Monza,1.38,1.16,2.55,1.38,2.55,1.82,1.52,3.34,1.82,3.34,1
237,Roma,1.72,1.05,2.77,1.72,2.77,0.45,0.17,0.62,0.45,0.62,Frosinone,0.81,0.37,1.18,0.41000000000000003,0.78,1.57,1.2,2.77,1.57,2.77,1
238,Roma,1.72,1.05,2.77,1.72,2.77,0.45,0.17,0.62,0.45,0.62,Genoa,0.38,0.22,0.6000000000000001,0.38,0.6000000000000001,1.2,0.41000000000000003,1.62,1.2,1.62,1
239,Roma,1.72,1.05,2.77,1.72,2.77,0.45,0.17,0.62,0.45,0.62,Salernitana,0.32,0.31,0.63,0.32,0.63,1.34,0.93,2.27,1.34,2.27,1
240,Roma,1.72,1.05,2.77,1.72,2.77,0.45,0.17,0.62,0.45,0.62,Bologna,0.77,0.63,1.4,0.77,1.4,0.86,0.66,1.52,0.86,1.52,1
241,Roma,1.72,1.05,2.77,1.72,2.77,0.45,0.17,0.62,0.45,0.62,Cagliari,0.52,0.32,0.84,0.52,0.84,0.9400000000000001,0.64,1.58,0.9400000000000001,1.58,1
242,Roma,1.72,1.05,2.77,1.72,2.77,0.45,0.17,0.62,0.45,0.62,Udinese,0.88,0.6900000000000001,1.57,0.88,1.57,1.16,0.75,1.9,0.78,1.53,1
243,Roma,1.72,1.05,2.77,1.72,2.77,0.45,0.17,0.62,0.45,0.62,Torino,0.72,0.53,1.25,0.72,1.25,1.71,0.8200000000000001,2.5300000000000002,0.92,1.74,1
244,Roma,1.72,1.05,2.77,1.72,2.77,0.45,0.17,0.62,0.45,0.62,Lazio,1.5,1.01,2.51,1.5,2.51,1.0,0.74,1.74,1.0,1.74,1
245,Roma,1.72,1.05,2.77,1.72,2.77,0.45,0.17,0.62,0.45,0.62,Empoli,0.8300000000000001,0.53,1.3599999999999999,0.8300000000000001,1.3599999999999999,1.25,1.15,2.4,1.25,2.4,1
246,Roma,1.72,1.05,2.77,1.72,2.77,0.45,0.17,0.62,0.45,0.62,Sassuolo,0.31,0.28,0.58,0.31,0.58,2.4,1.4100000000000001,3.81,1.63,3.03,1
247,Bologna,0.77,0.63,1.4,0.77,1.4,0.86,0.66,1.52,0.86,1.52,Milan,1.97,1.1400000000000001,3.1,1.18,2.32,0.76,0.6000000000000001,1.3599999999999999,0.76,1.3599999999999999,2
248,Bologna,0.77,0.63,1.4,0.77,1.4,0.86,0.66,1.52,0.86,1.52,Napoli,2.48,1.55,4.04,1.71,3.26,0.53,0.1,0.63,0.14,0.24,2
249,Bologna,0.77,0.63,1.4,0.77,1.4,0.86,0.66,1.52,0.86,1.52,Inter,1.79,1.5,3.29,1.79,3.29,0.71,0.42,1.1400000000000001,0.71,1.1400000000000001,2
250,Bologna,0.77,0.63,1.4,0.77,1.4,0.86,0.66,1.52,0.86,1.52,Hellas Verona,0.63,0.32,0.9500000000000001,0.63,0.9500000000000001,1.12,0.61,1.73,1.12,1.73,1
251,Bologna,0.77,0.63,1.4,0.77,1.4,0.86,0.66,1.52,0.86,1.52,Fiorentina,1.17,0.84,2.0,1.17,2.0,0.23,0.21,0.45,0.23,0.45,2
252,Bologna,0.77,0.63,1.4,0.77,1.4,0.86,0.66,1.52,0.86,1.52,Juventus,1.32,0.72,2.04,0.9400000000000001,1.67,0.74,0.62,1.3599999999999999,0.74,1.3599999999999999,2
253,Bologna,0.77,0.63,1.4,0.77,1.4,0.86,0.66,1.52,0.86,1.52,Lecce,0.85,0.73,1.58,0.85,1.58,1.46,1.44,2.9,1.46,2.9,1
254,Bologna,0.77,0.63,1.4,0.77,1.4,0.86,0.66,1.52,0.86,1.52,Atalanta,1.48,1.06,2.54,1.48,2.54,0.58,0.54,1.12,0.58,1.12,2
255,Bologna,0.77,0.63,1.4,0.77,1.4,0.86,0.66,1.52,0.86,1.52,Monza,1.38,1.16,2.55,1.38,2.55,1.82,1.52,3.34,1.82,3.34,3
256,Bologna,0.77,0.63,1.4,0.77,1.4,0.86,0.66,1.52,0.86,1.52,Frosinone,0.81,0.37,1.18,0.41000000000000003,0.78,1.57,1.2,2.77,1.57,2.77,1
257,Bologna,0.77,0.63,1.4,0.77,1.4,0.86,0.66,1.52,0.86,1.52,Genoa,0.38,0.22,0.6000000000000001,0.38,0.6000000000000001,1.2,0.41000000000000003,1.62,1.2,1.62,1
258,Bologna,0.77,0.63,1.4,0.77,1.4,0.86,0.66,1.52,0.86,1.52,Salernitana,0.32,0.31,0.63,0.32,0.63,1.34,0.93,2.27,1.34,2.27,1
259,Bologna,0.77,0.63,1.4,0.77,1.4,0.86,0.66,1.52,0.86,1.52,Roma,1.72,1.05,2.77,1.72,2.77,0.45,0.17,0.62,0.45,0.62,2
260,Bologna,0.77,0.63,1.4,0.77,1.4,0.86,0.66,1.52,0.86,1.52,Cagliari,0.52,0.32,0.84,0.52,0.84,0.9400000000000001,0.64,1.58,0.9400000000000001,1.58,1
261,Bologna,0.77,0.63,1.4,0.77,1.4,0.86,0.66,1.52,0.86,1.52,Udinese,0.88,0.6900000000000001,1.57,0.88,1.57,1.16,0.75,1.9,0.78,1.53,1
262,Bologna,0.77,0.63,1.4,0.77,1.4,0.86,0.66,1.52,0.86,1.52,Torino,0.72,0.53,1.25,0.72,1.25,1.71,0.8200000000000001,2.5300000000000002,0.92,1.74,1
263,Bologna,0.77,0.63,1.4,0.77,1.4,0.86,0.66,1.52,0.86,1.52,Lazio,1.5,1.01,2.51,1.5,2.51,1.0,0.74,1.74,1.0,1.74,2
264,Bologna,0.77,0.63,1.4,0.77,1.4,0.86,0.66,1.52,0.86,1.52,Empoli,0.8300000000000001,0.53,1.3599999999999999,0.8300000000000001,1.3599999999999999,1.25,1.15,2.4,1.25,2.4,1
265,Bologna,0.77,0.63,1.4,0.77,1.4,0.86,0.66,1.52,0.86,1.52,Sassuolo,0.31,0.28,0.58,0.31,0.58,2.4,1.4100000000000001,3.81,1.63,3.03,1
266,Cagliari,0.52,0.32,0.84,0.52,0.84,0.9400000000000001,0.64,1.58,0.9400000000000001,1.58,Milan,1.97,1.1400000000000001,3.1,1.18,2.32,0.76,0.6000000000000001,1.3599999999999999,0.76,1.3599999999999999,2
267,Cagliari,0.52,0.32,0.84,0.52,0.84,0.9400000000000001,0.64,1.58,0.9400000000000001,1.58,Napoli,2.48,1.55,4.04,1.71,3.26,0.53,0.1,0.63,0.14,0.24,2
268,Cagliari,0.52,0.32,0.84,0.52,0.84,0.9400000000000001,0.64,1.58,0.9400000000000001,1.58,Inter,1.79,1.5,3.29,1.79,3.29,0.71,0.42,1.1400000000000001,0.71,1.1400000000000001,2
269,Cagliari,0.52,0.32,0.84,0.52,0.84,0.9400000000000001,0.64,1.58,0.9400000000000001,1.58,Hellas Verona,0.63,0.32,0.9500000000000001,0.63,0.9500000000000001,1.12,0.61,1.73,1.12,1.73,1
270,Cagliari,0.52,0.32,0.84,0.52,0.84,0.9400000000000001,0.64,1.58,0.9400000000000001,1.58,Fiorentina,1.17,0.84,2.0,1.17,2.0,0.23,0.21,0.45,0.23,0.45,2
271,Cagliari,0.52,0.32,0.84,0.52,0.84,0.9400000000000001,0.64,1.58,0.9400000000000001,1.58,Juventus,1.32,0.72,2.04,0.9400000000000001,1.67,0.74,0.62,1.3599999999999999,0.74,1.3599999999999999,2
272,Cagliari,0.52,0.32,0.84,0.52,0.84,0.9400000000000001,0.64,1.58,0.9400000000000001,1.58,Lecce,0.85,0.73,1.58,0.85,1.58,1.46,1.44,2.9,1.46,2.9,3
273,Cagliari,0.52,0.32,0.84,0.52,0.84,0.9400000000000001,0.64,1.58,0.9400000000000001,1.58,Atalanta,1.48,1.06,2.54,1.48,2.54,0.58,0.54,1.12,0.58,1.12,2
274,Cagliari,0.52,0.32,0.84,0.52,0.84,0.9400000000000001,0.64,1.58,0.9400000000000001,1.58,Monza,1.38,1.16,2.55,1.38,2.55,1.82,1.52,3.34,1.82,3.34,3
275,Cagliari,0.52,0.32,0.84,0.52,0.84,0.9400000000000001,0.64,1.58,0.9400000000000001,1.58,Frosinone,0.81,0.37,1.18,0.41000000000000003,0.78,1.57,1.2,2.77,1.57,2.77,1
276,Cagliari,0.52,0.32,0.84,0.52,0.84,0.9400000000000001,0.64,1.58,0.9400000000000001,1.58,Genoa,0.38,0.22,0.6000000000000001,0.38,0.6000000000000001,1.2,0.41000000000000003,1.62,1.2,1.62,1
277,Cagliari,0.52,0.32,0.84,0.52,0.84,0.9400000000000001,0.64,1.58,0.9400000000000001,1.58,Salernitana,0.32,0.31,0.63,0.32,0.63,1.34,0.93,2.27,1.34,2.27,1
278,Cagliari,0.52,0.32,0.84,0.52,0.84,0.9400000000000001,0.64,1.58,0.9400000000000001,1.58,Roma,1.72,1.05,2.77,1.72,2.77,0.45,0.17,0.62,0.45,0.62,2
279,Cagliari,0.52,0.32,0.84,0.52,0.84,0.9400000000000001,0.64,1.58,0.9400000000000001,1.58,Bologna,0.77,0.63,1.4,0.77,1.4,0.86,0.66,1.52,0.86,1.52,1
280,Cagliari,0.52,0.32,0.84,0.52,0.84,0.9400000000000001,0.64,1.58,0.9400000000000001,1.58,Udinese,0.88,0.6900000000000001,1.57,0.88,1.57,1.16,0.75,1.9,0.78,1.53,3
281,Cagliari,0.52,0.32,0.84,0.52,0.84,0.9400000000000001,0.64,1.58,0.9400000000000001,1.58,Torino,0.72,0.53,1.25,0.72,1.25,1.71,0.8200000000000001,2.5300000000000002,0.92,1.74,1
282,Cagliari,0.52,0.32,0.84,0.52,0.84,0.9400000000000001,0.64,1.58,0.9400000000000001,1.58,Lazio,1.5,1.01,2.51,1.5,2.51,1.0,0.74,1.74,1.0,1.74,2
283,Cagliari,0.52,0.32,0.84,0.52,0.84,0.9400000000000001,0.64,1.58,0.9400000000000001,1.58,Empoli,0.8300000000000001,0.53,1.3599999999999999,0.8300000000000001,1.3599999999999999,1.25,1.15,2.4,1.25,2.4,1
284,Cagliari,0.52,0.32,0.84,0.52,0.84,0.9400000000000001,0.64,1.58,0.9400000000000001,1.58,Sassuolo,0.31,0.28,0.58,0.31,0.58,2.4,1.4100000000000001,3.81,1.63,3.03,1
285,Udinese,0.88,0.6900000000000001,1.57,0.88,1.57,1.16,0.75,1.9,0.78,1.53,Milan,1.97,1.1400000000000001,3.1,1.18,2.32,0.76,0.6000000000000001,1.3599999999999999,0.76,1.3599999999999999,2
286,Udinese,0.88,0.6900000000000001,1.57,0.88,1.57,1.16,0.75,1.9,0.78,1.53,Napoli,2.48,1.55,4.04,1.71,3.26,0.53,0.1,0.63,0.14,0.24,2
287,Udinese,0.88,0.6900000000000001,1.57,0.88,1.57,1.16,0.75,1.9,0.78,1.53,Inter,1.79,1.5,3.29,1.79,3.29,0.71,0.42,1.1400000000000001,0.71,1.1400000000000001,2
288,Udinese,0.88,0.6900000000000001,1.57,0.88,1.57,1.16,0.75,1.9,0.78,1.53,Hellas Verona,0.63,0.32,0.9500000000000001,0.63,0.9500000000000001,1.12,0.61,1.73,1.12,1.73,1
289,Udinese,0.88,0.6900000000000001,1.57,0.88,1.57,1.16,0.75,1.9,0.78,1.53,Fiorentina,1.17,0.84,2.0,1.17,2.0,0.23,0.21,0.45,0.23,0.45,2
290,Udinese,0.88,0.6900000000000001,1.57,0.88,1.57,1.16,0.75,1.9,0.78,1.53,Juventus,1.32,0.72,2.04,0.9400000000000001,1.67,0.74,0.62,1.3599999999999999,0.74,1.3599999999999999,2
291,Udinese,0.88,0.6900000000000001,1.57,0.88,1.57,1.16,0.75,1.9,0.78,1.53,Lecce,0.85,0.73,1.58,0.85,1.58,1.46,1.44,2.9,1.46,2.9,1
292,Udinese,0.88,0.6900000000000001,1.57,0.88,1.57,1.16,0.75,1.9,0.78,1.53,Atalanta,1.48,1.06,2.54,1.48,2.54,0.58,0.54,1.12,0.58,1.12,2
293,Udinese,0.88,0.6900000000000001,1.57,0.88,1.57,1.16,0.75,1.9,0.78,1.53,Monza,1.38,1.16,2.55,1.38,2.55,1.82,1.52,3.34,1.82,3.34,3
294,Udinese,0.88,0.6900000000000001,1.57,0.88,1.57,1.16,0.75,1.9,0.78,1.53,Frosinone,0.81,0.37,1.18,0.41000000000000003,0.78,1.57,1.2,2.77,1.57,2.77,1
295,Udinese,0.88,0.6900000000000001,1.57,0.88,1.57,1.16,0.75,1.9,0.78,1.53,Genoa,0.38,0.22,0.6000000000000001,0.38,0.6000000000000001,1.2,0.41000000000000003,1.62,1.2,1.62,1
296,Udinese,0.88,0.6900000000000001,1.57,0.88,1.57,1.16,0.75,1.9,0.78,1.53,Salernitana,0.32,0.31,0.63,0.32,0.63,1.34,0.93,2.27,1.34,2.27,1
297,Udinese,0.88,0.6900000000000001,1.57,0.88,1.57,1.16,0.75,1.9,0.78,1.53,Roma,1.72,1.05,2.77,1.72,2.77,0.45,0.17,0.62,0.45,0.62,2
298,Udinese,0.88,0.6900000000000001,1.57,0.88,1.57,1.16,0.75,1.9,0.78,1.53,Bologna,0.77,0.63,1.4,0.77,1.4,0.86,0.66,1.52,0.86,1.52,1
299,Udinese,0.88,0.6900000000000001,1.57,0.88,1.57,1.16,0.75,1.9,0.78,1.53,Cagliari,0.52,0.32,0.84,0.52,0.84,0.9400000000000001,0.64,1.58,0.9400000000000001,1.58,1
300,Udinese,0.88,0.6900000000000001,1.57,0.88,1.57,1.16,0.75,1.9,0.78,1.53,Torino,0.72,0.53,1.25,0.72,1.25,1.71,0.8200000000000001,2.5300000000000002,0.92,1.74,1
301,Udinese,0.88,0.6900000000000001,1.57,0.88,1.57,1.16,0.75,1.9,0.78,1.53,Lazio,1.5,1.01,2.51,1.5,2.51,1.0,0.74,1.74,1.0,1.74,2
302,Udinese,0.88,0.6900000000000001,1.57,0.88,1.57,1.16,0.75,1.9,0.78,1.53,Empoli,0.8300000000000001,0.53,1.3599999999999999,0.8300000000000001,1.3599999999999999,1.25,1.15,2.4,1.25,2.4,1
303,Udinese,0.88,0.6900000000000001,1.57,0.88,1.57,1.16,0.75,1.9,0.78,1.53,Sassuolo,0.31,0.28,0.58,0.31,0.58,2.4,1.4100000000000001,3.81,1.63,3.03,1
304,Torino,0.72,0.53,1.25,0.72,1.25,1.71,0.8200000000000001,2.5300000000000002,0.92,1.74,Milan,1.97,1.1400000000000001,3.1,1.18,2.32,0.76,0.6000000000000001,1.3599999999999999,0.76,1.3599999999999999,2
305,Torino,0.72,0.53,1.25,0.72,1.25,1.71,0.8200000000000001,2.5300000000000002,0.92,1.74,Napoli,2.48,1.55,4.04,1.71,3.26,0.53,0.1,0.63,0.14,0.24,2
306,Torino,0.72,0.53,1.25,0.72,1.25,1.71,0.8200000000000001,2.5300000000000002,0.92,1.74,Inter,1.79,1.5,3.29,1.79,3.29,0.71,0.42,1.1400000000000001,0.71,1.1400000000000001,2
307,Torino,0.72,0.53,1.25,0.72,1.25,1.71,0.8200000000000001,2.5300000000000002,0.92,1.74,Hellas Verona,0.63,0.32,0.9500000000000001,0.63,0.9500000000000001,1.12,0.61,1.73,1.12,1.73,1
308,Torino,0.72,0.53,1.25,0.72,1.25,1.71,0.8200000000000001,2.5300000000000002,0.92,1.74,Fiorentina,1.17,0.84,2.0,1.17,2.0,0.23,0.21,0.45,0.23,0.45,2
309,Torino,0.72,0.53,1.25,0.72,1.25,1.71,0.8200000000000001,2.5300000000000002,0.92,1.74,Juventus,1.32,0.72,2.04,0.9400000000000001,1.67,0.74,0.62,1.3599999999999999,0.74,1.3599999999999999,2
310,Torino,0.72,0.53,1.25,0.72,1.25,1.71,0.8200000000000001,2.5300000000000002,0.92,1.74,Lecce,0.85,0.73,1.58,0.85,1.58,1.46,1.44,2.9,1.46,2.9,1
311,Torino,0.72,0.53,1.25,0.72,1.25,1.71,0.8200000000000001,2.5300000000000002,0.92,1.74,Atalanta,1.48,1.06,2.54,1.48,2.54,0.58,0.54,1.12,0.58,1.12,2
312,Torino,0.72,0.53,1.25,0.72,1.25,1.71,0.8200000000000001,2.5300000000000002,0.92,1.74,Monza,1.38,1.16,2.55,1.38,2.55,1.82,1.52,3.34,1.82,3.34,3
313,Torino,0.72,0.53,1.25,0.72,1.25,1.71,0.8200000000000001,2.5300000000000002,0.92,1.74,Frosinone,0.81,0.37,1.18,0.41000000000000003,0.78,1.57,1.2,2.77,1.57,2.77,1
314,Torino,0.72,0.53,1.25,0.72,1.25,1.71,0.8200000000000001,2.5300000000000002,0.92,1.74,Genoa,0.38,0.22,0.6000000000000001,0.38,0.6000000000000001,1.2,0.41000000000000003,1.62,1.2,1.62,1
315,Torino,0.72,0.53,1.25,0.72,1.25,1.71,0.8200000000000001,2.5300000000000002,0.92,1.74,Salernitana,0.32,0.31,0.63,0.32,0.63,1.34,0.93,2.27,1.34,2.27,1
316,Torino,0.72,0.53,1.25,0.72,1.25,1.71,0.8200000000000001,2.5300000000000002,0.92,1.74,Roma,1.72,1.05,2.77,1.72,2.77,0.45,0.17,0.62,0.45,0.62,2
317,Torino,0.72,0.53,1.25,0.72,1.25,1.71,0.8200000000000001,2.5300000000000002,0.92,1.74,Bologna,0.77,0.63,1.4,0.77,1.4,0.86,0.66,1.52,0.86,1.52,1
318,Torino,0.72,0.53,1.25,0.72,1.25,1.71,0.8200000000000001,2.5300000000000002,0.92,1.74,Cagliari,0.52,0.32,0.84,0.52,0.84,0.9400000000000001,0.64,1.58,0.9400000000000001,1.58,1
319,Torino,0.72,0.53,1.25,0.72,1.25,1.71,0.8200000000000001,2.5300000000000002,0.92,1.74,Udinese,0.88,0.6900000000000001,1.57,0.88,1.57,1.16,0.75,1.9,0.78,1.53,1
320,Torino,0.72,0.53,1.25,0.72,1.25,1.71,0.8200000000000001,2.5300000000000002,0.92,1.74,Lazio,1.5,1.01,2.51,1.5,2.51,1.0,0.74,1.74,1.0,1.74,2
321,Torino,0.72,0.53,1.25,0.72,1.25,1.71,0.8200000000000001,2.5300000000000002,0.92,1.74,Empoli,0.8300000000000001,0.53,1.3599999999999999,0.8300000000000001,1.3599999999999999,1.25,1.15,2.4,1.25,2.4,1
322,Torino,0.72,0.53,1.25,0.72,1.25,1.71,0.8200000000000001,2.5300000000000002,0.92,1.74,Sassuolo,0.31,0.28,0.58,0.31,0.58,2.4,1.4100000000000001,3.81,1.63,3.03,1
323,Lazio,1.5,1.01,2.51,1.5,2.51,1.0,0.74,1.74,1.0,1.74,Milan,1.97,1.1400000000000001,3.1,1.18,2.32,0.76,0.6000000000000001,1.3599999999999999,0.76,1.3599999999999999,2
324,Lazio,1.5,1.01,2.51,1.5,2.51,1.0,0.74,1.74,1.0,1.74,Napoli,2.48,1.55,4.04,1.71,3.26,0.53,0.1,0.63,0.14,0.24,2
325,Lazio,1.5,1.01,2.51,1.5,2.51,1.0,0.74,1.74,1.0,1.74,Inter,1.79,1.5,3.29,1.79,3.29,0.71,0.42,1.1400000000000001,0.71,1.1400000000000001,2
326,Lazio,1.5,1.01,2.51,1.5,2.51,1.0,0.74,1.74,1.0,1.74,Hellas Verona,0.63,0.32,0.9500000000000001,0.63,0.9500000000000001,1.12,0.61,1.73,1.12,1.73,1
327,Lazio,1.5,1.01,2.51,1.5,2.51,1.0,0.74,1.74,1.0,1.74,Fiorentina,1.17,0.84,2.0,1.17,2.0,0.23,0.21,0.45,0.23,0.45,1
328,Lazio,1.5,1.01,2.51,1.5,2.51,1.0,0.74,1.74,1.0,1.74,Juventus,1.32,0.72,2.04,0.9400000000000001,1.67,0.74,0.62,1.3599999999999999,0.74,1.3599999999999999,1
329,Lazio,1.5,1.01,2.51,1.5,2.51,1.0,0.74,1.74,1.0,1.74,Lecce,0.85,0.73,1.58,0.85,1.58,1.46,1.44,2.9,1.46,2.9,1
330,Lazio,1.5,1.01,2.51,1.5,2.51,1.0,0.74,1.74,1.0,1.74,Atalanta,1.48,1.06,2.54,1.48,2.54,0.58,0.54,1.12,0.58,1.12,1
331,Lazio,1.5,1.01,2.51,1.5,2.51,1.0,0.74,1.74,1.0,1.74,Monza,1.38,1.16,2.55,1.38,2.55,1.82,1.52,3.34,1.82,3.34,1
332,Lazio,1.5,1.01,2.51,1.5,2.51,1.0,0.74,1.74,1.0,1.74,Frosinone,0.81,0.37,1.18,0.41000000000000003,0.78,1.57,1.2,2.77,1.57,2.77,1
333,Lazio,1.5,1.01,2.51,1.5,2.51,1.0,0.74,1.74,1.0,1.74,Genoa,0.38,0.22,0.6000000000000001,0.38,0.6000000000000001,1.2,0.41000000000000003,1.62,1.2,1.62,1
334,Lazio,1.5,1.01,2.51,1.5,2.51,1.0,0.74,1.74,1.0,1.74,Salernitana,0.32,0.31,0.63,0.32,0.63,1.34,0.93,2.27,1.34,2.27,1
335,Lazio,1.5,1.01,2.51,1.5,2.51,1.0,0.74,1.74,1.0,1.74,Roma,1.72,1.05,2.77,1.72,2.77,0.45,0.17,0.62,0.45,0.62,2
336,Lazio,1.5,1.01,2.51,1.5,2.51,1.0,0.74,1.74,1.0,1.74,Bologna,0.77,0.63,1.4,0.77,1.4,0.86,0.66,1.52,0.86,1.52,1
337,Lazio,1.5,1.01,2.51,1.5,2.51,1.0,0.74,1.74,1.0,1.74,Cagliari,0.52,0.32,0.84,0.52,0.84,0.9400000000000001,0.64,1.58,0.9400000000000001,1.58,1
338,Lazio,1.5,1.01,2.51,1.5,2.51,1.0,0.74,1.74,1.0,1.74,Udinese,0.88,0.6900000000000001,1.57,0.88,1.57,1.16,0.75,1.9,0.78,1.53,1
339,Lazio,1.5,1.01,2.51,1.5,2.51,1.0,0.74,1.74,1.0,1.74,Torino,0.72,0.53,1.25,0.72,1.25,1.71,0.8200000000000001,2.5300000000000002,0.92,1.74,1
340,Lazio,1.5,1.01,2.51,1.5,2.51,1.0,0.74,1.74,1.0,1.74,Empoli,0.8300000000000001,0.53,1.3599999999999999,0.8300000000000001,1.3599999999999999,1.25,1.15,2.4,1.25,2.4,1
341,Lazio,1.5,1.01,2.51,1.5,2.51,1.0,0.74,1.74,1.0,1.74,Sassuolo,0.31,0.28,0.58,0.31,0.58,2.4,1.4100000000000001,3.81,1.63,3.03,1
342,Empoli,0.8300000000000001,0.53,1.3599999999999999,0.8300000000000001,1.3599999999999999,1.25,1.15,2.4,1.25,2.4,Milan,1.97,1.1400000000000001,3.1,1.18,2.32,0.76,0.6000000000000001,1.3599999999999999,0.76,1.3599999999999999,2
343,Empoli,0.8300000000000001,0.53,1.3599999999999999,0.8300000000000001,1.3599999999999999,1.25,1.15,2.4,1.25,2.4,Napoli,2.48,1.55,4.04,1.71,3.26,0.53,0.1,0.63,0.14,0.24,2
344,Empoli,0.8300000000000001,0.53,1.3599999999999999,0.8300000000000001,1.3599999999999999,1.25,1.15,2.4,1.25,2.4,Inter,1.79,1.5,3.29,1.79,3.29,0.71,0.42,1.1400000000000001,0.71,1.1400000000000001,2
345,Empoli,0.8300000000000001,0.53,1.3599999999999999,0.8300000000000001,1.3599999999999999,1.25,1.15,2.4,1.25,2.4,Hellas Verona,0.63,0.32,0.9500000000000001,0.63,0.9500000000000001,1.12,0.61,1.73,1.12,1.73,1
346,Empoli,0.8300000000000001,0.53,1.3599999999999999,0.8300000000000001,1.3599999999999999,1.25,1.15,2.4,1.25,2.4,Fiorentina,1.17,0.84,2.0,1.17,2.0,0.23,0.21,0.45,0.23,0.45,2
347,Empoli,0.8300000000000001,0.53,1.3599999999999999,0.8300000000000001,1.3599999999999999,1.25,1.15,2.4,1.25,2.4,Juventus,1.32,0.72,2.04,0.9400000000000001,1.67,0.74,0.62,1.3599999999999999,0.74,1.3599999999999999,2
348,Empoli,0.8300000000000001,0.53,1.3599999999999999,0.8300000000000001,1.3599999999999999,1.25,1.15,2.4,1.25,2.4,Lecce,0.85,0.73,1.58,0.85,1.58,1.46,1.44,2.9,1.46,2.9,3
349,Empoli,0.8300000000000001,0.53,1.3599999999999999,0.8300000000000001,1.3599999999999999,1.25,1.15,2.4,1.25,2.4,Atalanta,1.48,1.06,2.54,1.48,2.54,0.58,0.54,1.12,0.58,1.12,2
350,Empoli,0.8300000000000001,0.53,1.3599999999999999,0.8300000000000001,1.3599999999999999,1.25,1.15,2.4,1.25,2.4,Monza,1.38,1.16,2.55,1.38,2.55,1.82,1.52,3.34,1.82,3.34,3
351,Empoli,0.8300000000000001,0.53,1.3599999999999999,0.8300000000000001,1.3599999999999999,1.25,1.15,2.4,1.25,2.4,Frosinone,0.81,0.37,1.18,0.41000000000000003,0.78,1.57,1.2,2.77,1.57,2.77,1
352,Empoli,0.8300000000000001,0.53,1.3599999999999999,0.8300000000000001,1.3599999999999999,1.25,1.15,2.4,1.25,2.4,Genoa,0.38,0.22,0.6000000000000001,0.38,0.6000000000000001,1.2,0.41000000000000003,1.62,1.2,1.62,1
353,Empoli,0.8300000000000001,0.53,1.3599999999999999,0.8300000000000001,1.3599999999999999,1.25,1.15,2.4,1.25,2.4,Salernitana,0.32,0.31,0.63,0.32,0.63,1.34,0.93,2.27,1.34,2.27,1
354,Empoli,0.8300000000000001,0.53,1.3599999999999999,0.8300000000000001,1.3599999999999999,1.25,1.15,2.4,1.25,2.4,Roma,1.72,1.05,2.77,1.72,2.77,0.45,0.17,0.62,0.45,0.62,2
355,Empoli,0.8300000000000001,0.53,1.3599999999999999,0.8300000000000001,1.3599999999999999,1.25,1.15,2.4,1.25,2.4,Bologna,0.77,0.63,1.4,0.77,1.4,0.86,0.66,1.52,0.86,1.52,1
356,Empoli,0.8300000000000001,0.53,1.3599999999999999,0.8300000000000001,1.3599999999999999,1.25,1.15,2.4,1.25,2.4,Cagliari,0.52,0.32,0.84,0.52,0.84,0.9400000000000001,0.64,1.58,0.9400000000000001,1.58,1
357,Empoli,0.8300000000000001,0.53,1.3599999999999999,0.8300000000000001,1.3599999999999999,1.25,1.15,2.4,1.25,2.4,Udinese,0.88,0.6900000000000001,1.57,0.88,1.57,1.16,0.75,1.9,0.78,1.53,3
358,Empoli,0.8300000000000001,0.53,1.3599999999999999,0.8300000000000001,1.3599999999999999,1.25,1.15,2.4,1.25,2.4,Torino,0.72,0.53,1.25,0.72,1.25,1.71,0.8200000000000001,2.5300000000000002,0.92,1.74,3
359,Empoli,0.8300000000000001,0.53,1.3599999999999999,0.8300000000000001,1.3599999999999999,1.25,1.15,2.4,1.25,2.4,Lazio,1.5,1.01,2.51,1.5,2.51,1.0,0.74,1.74,1.0,1.74,2
360,Empoli,0.8300000000000001,0.53,1.3599999999999999,0.8300000000000001,1.3599999999999999,1.25,1.15,2.4,1.25,2.4,Sassuolo,0.31,0.28,0.58,0.31,0.58,2.4,1.4100000000000001,3.81,1.63,3.03,1
361,Sassuolo,0.31,0.28,0.58,0.31,0.58,2.4,1.4100000000000001,3.81,1.63,3.03,Milan,1.97,1.1400000000000001,3.1,1.18,2.32,0.76,0.6000000000000001,1.3599999999999999,0.76,1.3599999999999999,2
362,Sassuolo,0.31,0.28,0.58,0.31,0.58,2.4,1.4100000000000001,3.81,1.63,3.03,Napoli,2.48,1.55,4.04,1.71,3.26,0.53,0.1,0.63,0.14,0.24,2
363,Sassuolo,0.31,0.28,0.58,0.31,0.58,2.4,1.4100000000000001,3.81,1.63,3.03,Inter,1.79,1.5,3.29,1.79,3.29,0.71,0.42,1.1400000000000001,0.71,1.1400000000000001,2
364,Sassuolo,0.31,0.28,0.58,0.31,0.58,2.4,1.4100000000000001,3.81,1.63,3.03,Hellas Verona,0.63,0.32,0.9500000000000001,0.63,0.9500000000000001,1.12,0.61,1.73,1.12,1.73,2
365,Sassuolo,0.31,0.28,0.58,0.31,0.58,2.4,1.4100000000000001,3.81,1.63,3.03,Fiorentina,1.17,0.84,2.0,1.17,2.0,0.23,0.21,0.45,0.23,0.45,2
366,Sassuolo,0.31,0.28,0.58,0.31,0.58,2.4,1.4100000000000001,3.81,1.63,3.03,Juventus,1.32,0.72,2.04,0.9400000000000001,1.67,0.74,0.62,1.3599999999999999,0.74,1.3599999999999999,2
367,Sassuolo,0.31,0.28,0.58,0.31,0.58,2.4,1.4100000000000001,3.81,1.63,3.03,Lecce,0.85,0.73,1.58,0.85,1.58,1.46,1.44,2.9,1.46,2.9,3
368,Sassuolo,0.31,0.28,0.58,0.31,0.58,2.4,1.4100000000000001,3.81,1.63,3.03,Atalanta,1.48,1.06,2.54,1.48,2.54,0.58,0.54,1.12,0.58,1.12,2
369,Sassuolo,0.31,0.28,0.58,0.31,0.58,2.4,1.4100000000000001,3.81,1.63,3.03,Monza,1.38,1.16,2.55,1.38,2.55,1.82,1.52,3.34,1.82,3.34,2
370,Sassuolo,0.31,0.28,0.58,0.31,0.58,2.4,1.4100000000000001,3.81,1.63,3.03,Frosinone,0.81,0.37,1.18,0.41000000000000003,0.78,1.57,1.2,2.77,1.57,2.77,2
371,Sassuolo,0.31,0.28,0.58,0.31,0.58,2.4,1.4100000000000001,3.81,1.63,3.03,Genoa,0.38,0.22,0.6000000000000001,0.38,0.6000000000000001,1.2,0.41000000000000003,1.62,1.2,1.62,1
372,Sassuolo,0.31,0.28,0.58,0.31,0.58,2.4,1.4100000000000001,3.81,1.63,3.03,Salernitana,0.32,0.31,0.63,0.32,0.63,1.34,0.93,2.27,1.34,2.27,1
373,Sassuolo,0.31,0.28,0.58,0.31,0.58,2.4,1.4100000000000001,3.81,1.63,3.03,Roma,1.72,1.05,2.77,1.72,2.77,0.45,0.17,0.62,0.45,0.62,2
374,Sassuolo,0.31,0.28,0.58,0.31,0.58,2.4,1.4100000000000001,3.81,1.63,3.03,Bologna,0.77,0.63,1.4,0.77,1.4,0.86,0.66,1.52,0.86,1.52,2
375,Sassuolo,0.31,0.28,0.58,0.31,0.58,2.4,1.4100000000000001,3.81,1.63,3.03,Cagliari,0.52,0.32,0.84,0.52,0.84,0.9400000000000001,0.64,1.58,0.9400000000000001,1.58,2
376,Sassuolo,0.31,0.28,0.58,0.31,0.58,2.4,1.4100000000000001,3.81,1.63,3.03,Udinese,0.88,0.6900000000000001,1.57,0.88,1.57,1.16,0.75,1.9,0.78,1.53,2
377,Sassuolo,0.31,0.28,0.58,0.31,0.58,2.4,1.4100000000000001,3.81,1.63,3.03,Torino,0.72,0.53,1.25,0.72,1.25,1.71,0.8200000000000001,2.5300000000000002,0.92,1.74,3
378,Sassuolo,0.31,0.28,0.58,0.31,0.58,2.4,1.4100000000000001,3.81,1.63,3.03,Lazio,1.5,1.01,2.51,1.5,2.51,1.0,0.74,1.74,1.0,1.74,2
379,Sassuolo,0.31,0.28,0.58,0.31,0.58,2.4,1.4100000000000001,3.81,1.63,3.03,Empoli,0.8300000000000001,0.53,1.3599999999999999,0.8300000000000001,1.3599999999999999,1.25,1.15,2.4,1.25,2.4,2
